Entity,Code,Year,Number of reported natural disasters with a small impact (decadal),Number of reported natural disasters with a medium impact (decadal),Number of reported natural disasters with a large impact (decadal),Number of reported natural disasters with unknown impacts (decadal)
Afghanistan,AFG,1950,0,0,3,0
Afghanistan,AFG,1960,0,1,1,0
Afghanistan,AFG,1970,0,1,5,1
Afghanistan,AFG,1980,0,3,3,0
Afghanistan,AFG,1990,2,9,18,2
Afghanistan,AFG,2000,14,33,16,2
Afghanistan,AFG,2010,3,36,18,0
Afghanistan,AFG,2020,2,17,10,0
Africa,,1900,0,1,2,2
Africa,,1910,0,1,1,8
Africa,,1920,0,1,2,0
Africa,,1930,0,1,0,0
Africa,,1940,0,0,4,8
Africa,,1950,0,5,5,1
Africa,,1960,5,29,27,7
Africa,,1970,8,44,33,7
Africa,,1980,13,82,63,26
Africa,,1990,29,162,81,7
Africa,,2000,121,370,135,17
Africa,,2010,27,359,159,9
Africa,,2020,41,160,92,2
Albania,ALB,1900,0,0,1,0
Albania,ALB,1920,0,0,1,0
Albania,ALB,1930,0,2,1,0
Albania,ALB,1940,0,1,0,0
Albania,ALB,1960,0,2,0,0
Albania,ALB,1970,0,1,0,0
Albania,ALB,1980,1,1,3,0
Albania,ALB,1990,1,4,0,0
Albania,ALB,2000,5,4,1,0
Albania,ALB,2010,3,6,2,1
Albania,ALB,2020,1,0,1,0
Algeria,DZA,1910,0,1,0,0
Algeria,DZA,1920,0,0,1,0
Algeria,DZA,1940,0,0,1,0
Algeria,DZA,1950,0,1,1,0
Algeria,DZA,1960,0,4,3,0
Algeria,DZA,1970,0,3,0,0
Algeria,DZA,1980,1,7,2,1
Algeria,DZA,1990,1,10,1,0
Algeria,DZA,2000,6,26,3,0
Algeria,DZA,2010,0,8,1,0
Algeria,DZA,2020,2,5,1,0
American Samoa,ASM,1960,0,0,1,0
American Samoa,ASM,1980,1,0,0,0
American Samoa,ASM,2000,0,3,0,1
Angola,AGO,1980,0,2,2,0
Angola,AGO,1990,0,1,0,0
Angola,AGO,2000,2,16,4,1
Angola,AGO,2010,0,17,5,0
Angola,AGO,2020,0,5,2,0
Anguilla,AIA,1910,0,0,0,1
Anguilla,AIA,1950,0,0,0,1
Anguilla,AIA,1960,0,0,1,0
Anguilla,AIA,1970,0,0,0,1
Anguilla,AIA,1990,1,0,0,0
Anguilla,AIA,2010,0,1,0,0
Antigua and Barbuda,ATG,1950,1,0,0,0
Antigua and Barbuda,ATG,1960,1,0,0,1
Antigua and Barbuda,ATG,1980,0,2,0,0
Antigua and Barbuda,ATG,1990,0,3,1,1
Antigua and Barbuda,ATG,2000,0,1,0,0
Antigua and Barbuda,ATG,2010,0,2,0,0
Argentina,ARG,1920,0,0,1,0
Argentina,ARG,1940,0,0,1,0
Argentina,ARG,1950,0,0,1,0
Argentina,ARG,1960,0,1,2,0
Argentina,ARG,1970,1,5,4,0
Argentina,ARG,1980,1,7,7,0
Argentina,ARG,1990,2,9,5,1
Argentina,ARG,2000,8,23,3,4
Argentina,ARG,2010,3,24,3,1
Argentina,ARG,2020,3,6,3,0
Armenia,ARM,1930,0,0,1,0
Armenia,ARM,1990,1,2,0,0
Armenia,ARM,2000,1,0,1,0
Armenia,ARM,2010,1,4,0,0
Armenia,ARM,2020,0,2,0,0
Asia,,1900,1,9,19,3
Asia,,1910,1,3,27,2
Asia,,1920,1,7,36,4
Asia,,1930,5,13,44,4
Asia,,1940,0,20,59,1
Asia,,1950,2,42,117,1
Asia,,1960,4,74,155,12
Asia,,1970,37,131,181,16
Asia,,1980,49,246,322,27
Asia,,1990,90,445,488,12
Asia,,2000,185,763,556,41
Asia,,2010,114,825,549,21
Asia,,2020,102,375,167,17
Australia,AUS,1930,0,0,1,0
Australia,AUS,1940,0,1,0,0
Australia,AUS,1950,0,0,1,0
Australia,AUS,1960,0,2,2,0
Australia,AUS,1970,1,7,6,4
Australia,AUS,1980,0,17,4,0
Australia,AUS,1990,4,27,18,3
Australia,AUS,2000,20,22,12,6
Australia,AUS,2010,4,16,18,2
Australia,AUS,2020,6,6,9,0
Austria,AUT,1950,0,2,1,0
Austria,AUT,1970,0,1,0,1
Austria,AUT,1980,0,4,0,4
Austria,AUT,1990,4,6,2,3
Austria,AUT,2000,6,3,6,2
Austria,AUT,2010,3,2,1,1
Austria,AUT,2020,2,1,1,0
Azerbaijan,AZE,1990,0,4,2,0
Azerbaijan,AZE,2000,0,5,0,0
Azerbaijan,AZE,2010,1,3,0,0
Bahamas,BHS,1920,0,0,0,2
Bahamas,BHS,1930,0,1,0,0
Bahamas,BHS,1940,0,1,0,0
Bahamas,BHS,1960,1,2,0,1
Bahamas,BHS,1980,0,0,0,1
Bahamas,BHS,1990,1,0,2,1
Bahamas,BHS,2000,2,2,3,1
Bahamas,BHS,2010,2,3,2,0
Bangladesh,BGD,1900,0,0,1,2
Bangladesh,BGD,1910,0,0,0,2
Bangladesh,BGD,1920,0,1,0,2
Bangladesh,BGD,1930,0,0,0,1
Bangladesh,BGD,1940,0,0,4,1
Bangladesh,BGD,1950,0,0,2,1
Bangladesh,BGD,1960,0,2,18,1
Bangladesh,BGD,1970,2,7,19,3
Bangladesh,BGD,1980,2,14,28,0
Bangladesh,BGD,1990,1,31,48,2
Bangladesh,BGD,2000,4,41,29,2
Bangladesh,BGD,2010,3,23,24,0
Bangladesh,BGD,2020,0,1,9,0
Barbados,BRB,1950,0,0,1,0
Barbados,BRB,1970,1,0,0,0
Barbados,BRB,1980,1,2,0,0
Barbados,BRB,1990,0,0,0,1
Barbados,BRB,2000,2,1,0,0
Barbados,BRB,2010,1,1,0,1
Barbados,BRB,2020,1,1,0,0
Belarus,BLR,1990,0,3,0,1
Belarus,BLR,2000,0,3,0,0
Belarus,BLR,2010,1,4,0,0
Belarus,BLR,2020,1,0,0,0
Belgium,BEL,1900,0,1,0,1
Belgium,BEL,1920,0,1,0,0
Belgium,BEL,1930,0,0,1,0
Belgium,BEL,1950,1,1,0,0
Belgium,BEL,1960,1,1,0,0
Belgium,BEL,1970,1,0,0,3
Belgium,BEL,1980,0,1,0,3
Belgium,BEL,1990,4,8,3,0
Belgium,BEL,2000,8,0,3,3
Belgium,BEL,2010,4,2,5,6
Belgium,BEL,2020,2,1,3,3
Belize,BLZ,1930,0,0,1,0
Belize,BLZ,1950,0,1,0,0
Belize,BLZ,1960,0,0,1,0
Belize,BLZ,1970,0,3,0,0
Belize,BLZ,1990,2,2,0,0
Belize,BLZ,2000,1,3,2,2
Belize,BLZ,2010,0,2,0,1
Belize,BLZ,2020,0,1,1,0
Benin,BEN,1970,1,2,0,0
Benin,BEN,1980,0,1,3,1
Benin,BEN,1990,1,5,1,0
Benin,BEN,2000,1,3,1,0
Benin,BEN,2010,0,4,1,0
Benin,BEN,2020,0,3,0,0
Bermuda,BMU,1940,0,0,0,1
Bermuda,BMU,1980,2,1,0,1
Bermuda,BMU,2000,0,0,1,0
Bhutan,BTN,1990,1,2,0,0
Bhutan,BTN,2000,0,2,1,1
Bhutan,BTN,2010,0,1,0,0
Bhutan,BTN,2020,1,1,0,0
Bolivia,BOL,1960,0,4,0,0
Bolivia,BOL,1970,0,4,0,1
Bolivia,BOL,1980,1,4,5,0
Bolivia,BOL,1990,1,7,6,0
Bolivia,BOL,2000,1,14,6,2
Bolivia,BOL,2010,3,15,8,0
Bolivia,BOL,2020,1,15,3,0
Bosnia and Herzegovina,BIH,1990,1,0,0,0
Bosnia and Herzegovina,BIH,2000,2,8,1,1
Bosnia and Herzegovina,BIH,2010,4,3,1,3
Bosnia and Herzegovina,BIH,2020,1,4,1,0
Botswana,BWA,1960,0,2,0,0
Botswana,BWA,1970,1,1,0,0
Botswana,BWA,1980,0,1,1,0
Botswana,BWA,1990,0,2,0,0
Botswana,BWA,2000,2,3,0,0
Botswana,BWA,2010,0,5,0,1
Brazil,BRA,1940,0,0,2,0
Brazil,BRA,1950,0,2,3,0
Brazil,BRA,1960,0,8,9,0
Brazil,BRA,1970,0,6,13,1
Brazil,BRA,1980,0,17,20,1
Brazil,BRA,1990,2,25,6,3
Brazil,BRA,2000,3,31,15,3
Brazil,BRA,2010,4,31,12,0
Brazil,BRA,2020,7,30,13,0
British Virgin Islands,VGB,1990,1,0,0,0
British Virgin Islands,VGB,2010,0,0,1,1
Brunei,BRN,1990,1,0,0,0
Bulgaria,BGR,1920,0,0,1,0
Bulgaria,BGR,1960,0,1,0,0
Bulgaria,BGR,1970,0,1,0,0
Bulgaria,BGR,1980,0,1,0,2
Bulgaria,BGR,1990,4,1,0,0
Bulgaria,BGR,2000,9,8,1,6
Bulgaria,BGR,2010,7,3,2,1
Bulgaria,BGR,2020,4,2,1,0
Burkina Faso,BFA,1910,0,0,0,1
Burkina Faso,BFA,1940,0,0,0,1
Burkina Faso,BFA,1960,0,0,1,1
Burkina Faso,BFA,1970,1,0,1,0
Burkina Faso,BFA,1980,2,1,2,0
Burkina Faso,BFA,1990,0,4,1,0
Burkina Faso,BFA,2000,2,4,2,1
Burkina Faso,BFA,2010,1,5,2,0
Burkina Faso,BFA,2020,0,3,2,0
Burundi,BDI,1980,0,1,0,0
Burundi,BDI,1990,0,1,1,0
Burundi,BDI,2000,5,16,2,1
Burundi,BDI,2010,3,10,2,1
Burundi,BDI,2020,1,6,0,0
Cambodia,KHM,1980,0,0,0,1
Cambodia,KHM,1990,0,2,5,0
Cambodia,KHM,2000,1,4,7,1
Cambodia,KHM,2010,0,5,5,0
Cambodia,KHM,2020,3,3,2,1
Cameroon,CMR,1970,0,0,1,0
Cameroon,CMR,1980,1,1,1,0
Cameroon,CMR,1990,1,3,1,0
Cameroon,CMR,2000,2,4,0,2
Cameroon,CMR,2010,1,6,2,0
Cameroon,CMR,2020,1,3,2,0
Canada,CAN,1900,0,2,1,0
Canada,CAN,1910,0,1,3,0
Canada,CAN,1920,0,2,0,0
Canada,CAN,1930,0,1,1,0
Canada,CAN,1940,0,1,0,0
Canada,CAN,1950,0,2,2,1
Canada,CAN,1960,0,2,0,2
Canada,CAN,1970,0,6,1,2
Canada,CAN,1980,3,7,6,2
Canada,CAN,1990,5,14,4,0
Canada,CAN,2000,16,10,3,5
Canada,CAN,2010,3,10,9,3
Canada,CAN,2020,3,8,4,1
Cape Verde,CPV,1900,0,0,1,0
Cape Verde,CPV,1910,0,0,0,1
Cape Verde,CPV,1920,0,0,1,0
Cape Verde,CPV,1940,0,0,2,0
Cape Verde,CPV,1970,0,0,0,1
Cape Verde,CPV,1980,0,2,0,1
Cape Verde,CPV,1990,0,2,0,1
Cape Verde,CPV,2000,1,1,0,0
Cape Verde,CPV,2010,0,3,0,0
Cape Verde,CPV,2020,0,2,0,0
Cayman Islands,CYM,2000,3,1,1,2
Central African Republic,CAF,1970,0,1,0,0
Central African Republic,CAF,1980,0,1,0,1
Central African Republic,CAF,1990,1,5,0,0
Central African Republic,CAF,2000,3,7,0,0
Central African Republic,CAF,2010,1,10,0,0
Central African Republic,CAF,2020,0,4,1,0
Chad,TCD,1910,0,0,0,1
Chad,TCD,1940,0,0,0,1
Chad,TCD,1960,0,0,1,1
Chad,TCD,1970,0,1,0,0
Chad,TCD,1980,1,2,1,0
Chad,TCD,1990,1,2,3,0
Chad,TCD,2000,0,6,5,0
Chad,TCD,2010,1,2,4,0
Chad,TCD,2020,0,2,3,0
Chile,CHL,1900,0,0,1,0
Chile,CHL,1920,0,0,2,0
Chile,CHL,1930,0,0,1,0
Chile,CHL,1940,1,1,3,0
Chile,CHL,1950,0,2,1,0
Chile,CHL,1960,0,3,5,1
Chile,CHL,1970,0,5,1,0
Chile,CHL,1980,0,9,4,0
Chile,CHL,1990,1,12,5,1
Chile,CHL,2000,5,19,1,1
Chile,CHL,2010,7,15,7,0
Chile,CHL,2020,4,2,4,0
China,CHN,1900,0,1,3,1
China,CHN,1910,0,0,8,0
China,CHN,1920,0,1,9,0
China,CHN,1930,0,3,12,0
China,CHN,1940,0,5,9,0
China,CHN,1950,1,2,12,0
China,CHN,1960,0,2,2,1
China,CHN,1970,1,1,8,2
China,CHN,1980,2,30,62,10
China,CHN,1990,6,67,105,1
China,CHN,2000,9,124,144,2
China,CHN,2010,4,128,162,1
China,CHN,2020,3,30,24,4
Colombia,COL,1900,0,0,1,0
Colombia,COL,1920,0,0,2,0
Colombia,COL,1930,0,1,0,1
Colombia,COL,1940,0,0,1,0
Colombia,COL,1950,0,1,4,0
Colombia,COL,1960,1,4,2,0
Colombia,COL,1970,1,7,11,1
Colombia,COL,1980,1,11,10,1
Colombia,COL,1990,5,23,9,1
Colombia,COL,2000,7,28,11,2
Colombia,COL,2010,1,32,6,2
Colombia,COL,2020,7,28,2,0
Comoros,COM,1900,0,1,0,0
Comoros,COM,1950,0,0,1,0
Comoros,COM,1970,0,1,0,0
Comoros,COM,1980,1,3,0,1
Comoros,COM,1990,1,0,0,0
Comoros,COM,2000,1,2,1,1
Comoros,COM,2010,0,3,1,1
Congo,COG,1960,0,0,1,0
Congo,COG,1980,0,0,0,1
Congo,COG,1990,0,3,0,0
Congo,COG,2000,0,4,0,0
Congo,COG,2010,0,2,1,1
Congo,COG,2020,0,4,1,0
Cook Islands,COK,1940,0,0,0,3
Cook Islands,COK,1960,0,0,0,1
Cook Islands,COK,1980,0,1,0,1
Cook Islands,COK,1990,1,1,0,0
Cook Islands,COK,2000,2,0,0,0
Cook Islands,COK,2010,0,1,0,0
Costa Rica,CRI,1910,0,0,2,0
Costa Rica,CRI,1950,0,2,0,0
Costa Rica,CRI,1960,0,2,1,0
Costa Rica,CRI,1970,1,4,0,2
Costa Rica,CRI,1980,1,4,0,0
Costa Rica,CRI,1990,6,8,4,2
Costa Rica,CRI,2000,4,15,0,0
Costa Rica,CRI,2010,1,9,0,2
Costa Rica,CRI,2020,0,1,2,0
Cote d'Ivoire,CIV,1980,0,1,0,1
Cote d'Ivoire,CIV,1990,0,1,0,0
Cote d'Ivoire,CIV,2000,0,3,0,0
Cote d'Ivoire,CIV,2010,0,9,0,0
Cote d'Ivoire,CIV,2020,0,2,0,0
Croatia,HRV,1990,0,1,0,1
Croatia,HRV,2000,6,3,3,1
Croatia,HRV,2010,8,4,0,1
Croatia,HRV,2020,1,1,3,1
Cuba,CUB,1920,0,0,1,0
Cuba,CUB,1930,0,1,1,0
Cuba,CUB,1940,0,2,0,1
Cuba,CUB,1960,0,0,2,2
Cuba,CUB,1970,1,3,0,0
Cuba,CUB,1980,2,4,3,3
Cuba,CUB,1990,2,11,6,2
Cuba,CUB,2000,5,6,8,3
Cuba,CUB,2010,2,6,3,0
Cuba,CUB,2020,1,5,1,2
Cyprus,CYP,1950,0,1,0,0
Cyprus,CYP,1960,0,1,0,0
Cyprus,CYP,1980,0,0,0,1
Cyprus,CYP,1990,0,1,1,1
Cyprus,CYP,2000,3,1,0,2
Cyprus,CYP,2020,1,1,1,0
Czechia,CZE,1990,0,2,1,0
Czechia,CZE,2000,4,7,2,1
Czechia,CZE,2010,3,5,1,0
Czechia,CZE,2020,4,0,2,2
Czechoslovakia,OWID_CZS,1970,0,1,0,0
Czechoslovakia,OWID_CZS,1980,2,2,0,4
Democratic Republic of Congo,COD,1960,0,1,1,0
Democratic Republic of Congo,COD,1970,0,0,2,0
Democratic Republic of Congo,COD,1980,1,0,1,0
Democratic Republic of Congo,COD,1990,0,5,0,0
Democratic Republic of Congo,COD,2000,3,16,2,1
Democratic Republic of Congo,COD,2010,1,14,7,0
Democratic Republic of Congo,COD,2020,2,12,6,0
Denmark,DNK,1970,0,0,0,1
Denmark,DNK,1980,1,0,1,2
Denmark,DNK,1990,0,3,2,0
Denmark,DNK,2000,1,1,1,0
Denmark,DNK,2010,2,0,0,1
Denmark,DNK,2020,1,0,1,0
Djibouti,DJI,1970,0,2,0,0
Djibouti,DJI,1980,0,4,1,0
Djibouti,DJI,1990,1,2,1,0
Djibouti,DJI,2000,0,2,3,0
Djibouti,DJI,2010,0,1,2,0
Djibouti,DJI,2020,0,1,1,0
Dominica,DMA,1930,0,0,1,0
Dominica,DMA,1960,0,1,0,0
Dominica,DMA,1970,0,1,0,1
Dominica,DMA,1980,0,2,0,1
Dominica,DMA,1990,1,1,1,0
Dominica,DMA,2000,1,1,0,0
Dominica,DMA,2010,1,0,2,0
Dominican Republic,DOM,1930,0,0,1,0
Dominican Republic,DOM,1940,0,0,1,0
Dominican Republic,DOM,1960,1,1,3,0
Dominican Republic,DOM,1970,0,1,1,0
Dominican Republic,DOM,1980,0,4,2,2
Dominican Republic,DOM,1990,2,5,1,0
Dominican Republic,DOM,2000,6,13,3,1
Dominican Republic,DOM,2010,3,18,1,1
Dominican Republic,DOM,2020,3,5,2,0
East Germany,OWID_GDR,1980,0,0,0,3
East Timor,TLS,2000,3,2,0,2
East Timor,TLS,2010,0,2,0,0
East Timor,TLS,2020,0,2,0,0
Ecuador,ECU,1920,0,1,0,0
Ecuador,ECU,1930,0,0,1,0
Ecuador,ECU,1940,0,0,2,0
Ecuador,ECU,1950,0,0,2,0
Ecuador,ECU,1960,0,2,2,0
Ecuador,ECU,1970,0,10,1,2
Ecuador,ECU,1980,2,3,5,0
Ecuador,ECU,1990,2,7,4,1
Ecuador,ECU,2000,2,14,3,0
Ecuador,ECU,2010,5,16,2,0
Ecuador,ECU,2020,5,10,1,1
Egypt,EGY,1920,0,1,0,0
Egypt,EGY,1950,0,1,0,1
Egypt,EGY,1960,1,0,0,0
Egypt,EGY,1970,0,2,1,0
Egypt,EGY,1980,0,1,0,0
Egypt,EGY,1990,2,7,2,0
Egypt,EGY,2000,3,2,1,0
Egypt,EGY,2010,0,6,1,0
Egypt,EGY,2020,0,2,0,0
El Salvador,SLV,1930,0,0,2,0
El Salvador,SLV,1950,0,0,1,0
El Salvador,SLV,1960,0,1,1,0
El Salvador,SLV,1980,0,4,2,1
El Salvador,SLV,1990,1,7,1,0
El Salvador,SLV,2000,8,8,5,1
El Salvador,SLV,2010,3,7,3,0
El Salvador,SLV,2020,4,3,0,1
Eritrea,ERI,1990,0,1,2,0
Eritrea,ERI,2000,0,1,1,1
Estonia,EST,2000,1,1,0,0
Estonia,EST,2010,1,1,0,0
Estonia,EST,2020,0,0,1,0
Eswatini,SWZ,1980,0,0,2,1
Eswatini,SWZ,1990,0,0,1,0
Eswatini,SWZ,2000,2,2,3,0
Eswatini,SWZ,2010,0,1,2,0
Eswatini,SWZ,2020,1,0,0,1
Ethiopia,ETH,1960,0,3,2,0
Ethiopia,ETH,1970,0,3,2,0
Ethiopia,ETH,1980,0,5,3,0
Ethiopia,ETH,1990,1,15,4,0
Ethiopia,ETH,2000,3,17,11,0
Ethiopia,ETH,2010,0,8,6,0
Ethiopia,ETH,2020,0,3,7,0
Europe,,1900,0,4,6,2
Europe,,1910,0,1,3,1
Europe,,1920,0,6,10,1
Europe,,1930,0,8,6,1
Europe,,1940,0,8,8,2
Europe,,1950,1,12,12,2
Europe,,1960,4,23,17,0
Europe,,1970,8,34,23,13
Europe,,1980,33,73,44,60
Europe,,1990,78,189,110,21
Europe,,2000,195,218,117,67
Europe,,2010,153,159,92,48
Europe,,2020,93,65,55,25
European Union (27),,1900,0,4,3,2
European Union (27),,1910,0,1,2,1
European Union (27),,1920,0,3,6,1
European Union (27),,1930,0,6,3,1
European Union (27),,1940,0,6,4,2
European Union (27),,1950,1,10,10,0
European Union (27),,1960,4,17,7,0
European Union (27),,1970,6,24,16,9
European Union (27),,1980,19,47,28,35
European Union (27),,1990,63,110,72,12
European Union (27),,2000,139,136,81,43
European Union (27),,2010,115,86,67,38
European Union (27),,2020,74,37,47,20
Fiji,FJI,1930,0,0,1,0
Fiji,FJI,1940,0,1,0,0
Fiji,FJI,1950,0,1,0,1
Fiji,FJI,1960,0,2,0,0
Fiji,FJI,1970,1,2,2,1
Fiji,FJI,1980,0,10,2,0
Fiji,FJI,1990,0,4,2,2
Fiji,FJI,2000,8,6,0,0
Fiji,FJI,2010,0,9,1,0
Fiji,FJI,2020,0,4,2,0
Finland,FIN,1990,2,0,0,0
Finland,FIN,2000,1,0,0,0
Finland,FIN,2020,0,0,1,0
France,FRA,1900,0,1,0,0
France,FRA,1920,0,1,0,0
France,FRA,1930,0,2,0,0
France,FRA,1940,0,0,1,0
France,FRA,1950,0,1,0,0
France,FRA,1960,1,3,0,0
France,FRA,1970,1,3,1,1
France,FRA,1980,4,11,5,10
France,FRA,1990,10,14,12,3
France,FRA,2000,28,10,6,1
France,FRA,2010,15,6,13,7
France,FRA,2020,15,6,7,3
French Guiana,GUF,1990,0,1,0,0
French Guiana,GUF,2000,0,1,0,0
French Guiana,GUF,2020,1,0,0,0
French Polynesia,PYF,1950,0,0,0,1
French Polynesia,PYF,1980,0,3,0,0
French Polynesia,PYF,1990,1,1,0,0
French Polynesia,PYF,2010,0,2,0,0
Gabon,GAB,1980,0,1,0,0
Gabon,GAB,2000,1,0,0,0
Gabon,GAB,2010,0,3,0,0
Gabon,GAB,2020,0,1,0,0
Gambia,GMB,1910,0,0,0,1
Gambia,GMB,1940,0,0,0,1
Gambia,GMB,1960,0,0,1,0
Gambia,GMB,1970,0,1,1,1
Gambia,GMB,1980,0,0,1,0
Gambia,GMB,1990,0,1,1,0
Gambia,GMB,2000,4,4,0,1
Gambia,GMB,2010,0,6,1,0
Gambia,GMB,2020,0,2,0,0
Georgia,GEO,1990,3,3,0,0
Georgia,GEO,2000,3,2,2,1
Georgia,GEO,2010,2,8,0,0
Georgia,GEO,2020,0,4,1,0
Germany,DEU,1990,3,7,16,0
Germany,DEU,2000,6,11,11,1
Germany,DEU,2010,8,3,7,4
Germany,DEU,2020,8,0,3,0
Ghana,GHA,1930,0,1,0,0
Ghana,GHA,1960,0,0,1,0
Ghana,GHA,1970,0,1,0,1
Ghana,GHA,1980,1,1,1,0
Ghana,GHA,1990,0,0,3,0
Ghana,GHA,2000,1,5,1,0
Ghana,GHA,2010,0,11,1,0
Ghana,GHA,2020,4,3,0,0
Greece,GRC,1900,0,1,0,0
Greece,GRC,1910,0,1,0,0
Greece,GRC,1920,0,0,1,0
Greece,GRC,1930,0,1,1,0
Greece,GRC,1940,0,2,0,0
Greece,GRC,1950,0,3,2,0
Greece,GRC,1960,0,7,0,0
Greece,GRC,1970,0,2,1,0
Greece,GRC,1980,5,3,5,2
Greece,GRC,1990,7,3,6,0
Greece,GRC,2000,16,7,3,5
Greece,GRC,2010,6,4,2,3
Greece,GRC,2020,3,7,2,1
Grenada,GRD,1960,0,1,0,0
Grenada,GRD,1970,0,1,0,0
Grenada,GRD,1980,0,1,0,0
Grenada,GRD,1990,2,0,0,0
Grenada,GRD,2000,1,0,1,0
Grenada,GRD,2010,0,0,0,1
Guadeloupe,GLP,1920,0,0,1,0
Guadeloupe,GLP,1950,0,0,0,1
Guadeloupe,GLP,1960,0,1,1,0
Guadeloupe,GLP,1970,0,1,1,1
Guadeloupe,GLP,1980,0,1,0,1
Guadeloupe,GLP,1990,2,1,0,1
Guadeloupe,GLP,2000,1,0,1,0
Guadeloupe,GLP,2010,0,1,0,0
Guadeloupe,GLP,2020,1,0,0,0
Guam,GUM,1960,0,0,1,0
Guam,GUM,1970,0,0,1,0
Guam,GUM,1980,1,0,0,0
Guam,GUM,1990,0,1,2,0
Guam,GUM,2000,2,2,0,0
Guam,GUM,2020,0,0,1,0
Guatemala,GTM,1900,0,0,3,0
Guatemala,GTM,1910,0,0,1,0
Guatemala,GTM,1940,0,0,1,0
Guatemala,GTM,1960,0,0,1,0
Guatemala,GTM,1970,0,2,1,0
Guatemala,GTM,1980,1,9,2,1
Guatemala,GTM,1990,4,7,2,0
Guatemala,GTM,2000,3,17,5,3
Guatemala,GTM,2010,8,21,9,2
Guatemala,GTM,2020,1,7,6,0
Guinea,GIN,1980,0,1,1,1
Guinea,GIN,1990,0,2,0,0
Guinea,GIN,2000,3,3,1,0
Guinea,GIN,2010,0,7,0,0
Guinea,GIN,2020,0,4,0,0
Guinea-Bissau,GNB,1910,0,0,0,1
Guinea-Bissau,GNB,1940,0,0,0,1
Guinea-Bissau,GNB,1970,0,0,0,1
Guinea-Bissau,GNB,1980,0,1,0,1
Guinea-Bissau,GNB,1990,1,1,0,0
Guinea-Bissau,GNB,2000,2,2,0,1
Guinea-Bissau,GNB,2010,0,2,0,0
Guyana,GUY,1970,0,1,0,0
Guyana,GUY,1980,0,0,0,2
Guyana,GUY,1990,0,1,1,0
Guyana,GUY,2000,0,2,1,0
Guyana,GUY,2010,0,2,1,0
Guyana,GUY,2020,1,1,0,0
Haiti,HTI,1900,0,0,1,0
Haiti,HTI,1910,0,0,1,0
Haiti,HTI,1930,0,0,1,0
Haiti,HTI,1950,0,1,3,0
Haiti,HTI,1960,0,1,5,0
Haiti,HTI,1970,0,1,3,0
Haiti,HTI,1980,5,7,4,0
Haiti,HTI,1990,0,5,3,3
Haiti,HTI,2000,7,25,7,0
Haiti,HTI,2010,3,27,5,1
Haiti,HTI,2020,4,3,2,1
High-income countries,,1900,1,15,18,2
High-income countries,,1910,1,6,19,1
High-income countries,,1920,1,9,22,4
High-income countries,,1930,3,14,26,2
High-income countries,,1940,2,18,37,3
High-income countries,,1950,7,49,70,4
High-income countries,,1960,10,63,91,14
High-income countries,,1970,35,101,71,27
High-income countries,,1980,80,193,108,86
High-income countries,,1990,160,334,229,105
High-income countries,,2000,303,389,254,82
High-income countries,,2010,194,342,298,64
High-income countries,,2020,134,110,182,32
Honduras,HND,1930,0,0,1,0
Honduras,HND,1960,0,3,1,0
Honduras,HND,1970,0,3,3,1
Honduras,HND,1980,2,4,1,2
Honduras,HND,1990,3,6,4,1
Honduras,HND,2000,5,14,3,3
Honduras,HND,2010,4,9,4,0
Honduras,HND,2020,2,7,2,0
Hong Kong,HKG,1900,0,0,1,0
Hong Kong,HKG,1920,0,0,1,0
Hong Kong,HKG,1930,0,0,1,0
Hong Kong,HKG,1940,0,0,1,0
Hong Kong,HKG,1950,0,2,0,0
Hong Kong,HKG,1960,3,10,3,4
Hong Kong,HKG,1970,17,6,3,4
Hong Kong,HKG,1980,14,6,0,2
Hong Kong,HKG,1990,9,3,3,0
Hong Kong,HKG,2000,5,1,0,1
Hong Kong,HKG,2010,1,1,1,1
Hong Kong,HKG,2020,4,0,0,1
Hungary,HUN,1970,0,0,1,0
Hungary,HUN,1980,1,0,1,0
Hungary,HUN,1990,1,4,1,0
Hungary,HUN,2000,2,10,2,1
Hungary,HUN,2010,1,6,3,0
Hungary,HUN,2020,0,0,1,0
Iceland,ISL,1970,1,2,0,0
Iceland,ISL,1980,2,0,0,2
Iceland,ISL,1990,0,3,0,0
Iceland,ISL,2000,0,2,0,0
Iceland,ISL,2010,0,0,0,1
Iceland,ISL,2020,0,1,0,0
India,IND,1900,0,0,2,0
India,IND,1910,0,0,1,0
India,IND,1920,0,1,4,1
India,IND,1930,0,0,3,0
India,IND,1940,0,2,6,0
India,IND,1950,0,8,20,0
India,IND,1960,0,10,30,0
India,IND,1970,0,16,36,0
India,IND,1980,1,23,65,1
India,IND,1990,1,23,75,0
India,IND,2000,3,65,88,5
India,IND,2010,1,83,76,0
India,IND,2020,1,27,25,2
Indonesia,IDN,1910,0,1,3,0
Indonesia,IDN,1920,0,0,4,0
Indonesia,IDN,1930,2,4,2,0
Indonesia,IDN,1940,0,0,1,0
Indonesia,IDN,1950,0,3,4,0
Indonesia,IDN,1960,0,4,14,0
Indonesia,IDN,1970,2,17,15,0
Indonesia,IDN,1980,7,43,22,1
Indonesia,IDN,1990,6,35,25,0
Indonesia,IDN,2000,21,85,32,4
Indonesia,IDN,2010,12,103,20,1
Indonesia,IDN,2020,11,72,10,1
Iran,IRN,1900,0,0,2,0
Iran,IRN,1910,0,0,1,0
Iran,IRN,1920,0,0,5,0
Iran,IRN,1930,0,1,4,0
Iran,IRN,1940,0,2,3,0
Iran,IRN,1950,0,3,13,0
Iran,IRN,1960,0,5,7,0
Iran,IRN,1970,2,5,9,0
Iran,IRN,1980,4,11,14,0
Iran,IRN,1990,6,36,13,0
Iran,IRN,2000,13,29,8,2
Iran,IRN,2010,10,19,7,0
Iran,IRN,2020,4,16,7,0
Iraq,IRQ,1950,0,0,1,0
Iraq,IRQ,1960,0,0,3,0
Iraq,IRQ,1990,0,1,0,1
Iraq,IRQ,2000,1,4,0,0
Iraq,IRQ,2010,1,5,1,0
Iraq,IRQ,2020,2,4,1,0
Ireland,IRL,1980,0,2,0,1
Ireland,IRL,1990,3,5,0,0
Ireland,IRL,2000,2,1,0,2
Ireland,IRL,2010,4,0,1,0
Ireland,IRL,2020,1,1,0,1
Isle of Man,IMN,2020,0,0,0,1
Israel,ISR,1900,0,1,0,0
Israel,ISR,1970,0,1,0,0
Israel,ISR,1980,0,0,0,1
Israel,ISR,1990,2,3,1,0
Israel,ISR,2000,1,0,0,1
Israel,ISR,2010,2,1,3,0
Israel,ISR,2020,1,0,1,0
Italy,ITA,1900,0,0,3,0
Italy,ITA,1910,0,0,2,0
Italy,ITA,1920,0,0,2,0
Italy,ITA,1930,0,3,1,0
Italy,ITA,1940,0,2,1,0
Italy,ITA,1950,0,0,4,0
Italy,ITA,1960,0,3,5,0
Italy,ITA,1970,3,9,6,0
Italy,ITA,1980,4,10,6,1
Italy,ITA,1990,7,6,9,1
Italy,ITA,2000,9,10,10,4
Italy,ITA,2010,9,19,11,3
Italy,ITA,2020,10,8,2,2
Jamaica,JAM,1900,0,0,4,0
Jamaica,JAM,1910,0,0,2,0
Jamaica,JAM,1920,1,0,0,0
Jamaica,JAM,1930,0,3,2,0
Jamaica,JAM,1940,0,1,1,0
Jamaica,JAM,1950,0,0,1,0
Jamaica,JAM,1960,0,2,0,0
Jamaica,JAM,1970,0,2,1,0
Jamaica,JAM,1980,1,3,2,1
Jamaica,JAM,1990,2,1,1,0
Jamaica,JAM,2000,6,6,3,0
Jamaica,JAM,2010,0,4,1,0
Japan,JPN,1900,0,5,1,0
Japan,JPN,1910,0,1,5,0
Japan,JPN,1920,0,1,6,0
Japan,JPN,1930,0,1,4,0
Japan,JPN,1940,0,1,14,0
Japan,JPN,1950,1,12,21,0
Japan,JPN,1960,0,9,19,2
Japan,JPN,1970,0,14,11,1
Japan,JPN,1980,4,23,11,1
Japan,JPN,1990,8,25,13,0
Japan,JPN,2000,15,23,29,0
Japan,JPN,2010,10,43,25,2
Japan,JPN,2020,8,8,9,0
Jordan,JOR,1920,0,0,1,0
Jordan,JOR,1960,0,2,1,0
Jordan,JOR,1980,0,1,0,0
Jordan,JOR,1990,2,1,2,0
Jordan,JOR,2000,2,1,1,0
Jordan,JOR,2010,0,2,0,0
Jordan,JOR,2020,0,1,0,0
Kazakhstan,KAZ,1910,0,0,1,0
Kazakhstan,KAZ,1990,0,2,2,0
Kazakhstan,KAZ,2000,1,6,0,0
Kazakhstan,KAZ,2010,1,8,0,0
Kazakhstan,KAZ,2020,0,4,0,1
Kenya,KEN,1960,1,1,1,0
Kenya,KEN,1970,0,2,2,0
Kenya,KEN,1980,0,0,3,0
Kenya,KEN,1990,1,2,5,1
Kenya,KEN,2000,4,23,7,0
Kenya,KEN,2010,1,13,13,0
Kenya,KEN,2020,0,3,4,0
Kiribati,KIR,1970,1,0,0,0
Kiribati,KIR,1990,0,1,0,0
Kiribati,KIR,2000,1,0,0,0
Kiribati,KIR,2010,2,0,0,0
Kuwait,KWT,1990,1,0,0,0
Kuwait,KWT,2010,1,0,0,0
Kyrgyzstan,KGZ,1990,1,2,3,0
Kyrgyzstan,KGZ,2000,3,8,2,0
Kyrgyzstan,KGZ,2010,0,6,0,2
Kyrgyzstan,KGZ,2020,0,2,0,0
Laos,LAO,1960,0,1,1,1
Laos,LAO,1970,0,1,2,0
Laos,LAO,1980,0,1,1,2
Laos,LAO,1990,1,3,8,0
Laos,LAO,2000,0,2,4,0
Laos,LAO,2010,2,4,6,2
Laos,LAO,2020,2,4,0,0
Latvia,LVA,1990,0,1,0,0
Latvia,LVA,2000,0,3,1,1
Latvia,LVA,2010,0,1,0,1
Latvia,LVA,2020,1,0,1,0
Lebanon,LBN,1950,0,0,2,0
Lebanon,LBN,1980,0,2,0,0
Lebanon,LBN,1990,0,0,1,0
Lebanon,LBN,2000,2,1,0,0
Lebanon,LBN,2010,2,2,1,0
Lebanon,LBN,2020,0,0,2,1
Lesotho,LSO,1960,0,0,1,0
Lesotho,LSO,1980,0,2,1,1
Lesotho,LSO,1990,1,1,1,0
Lesotho,LSO,2000,2,1,2,0
Lesotho,LSO,2010,0,2,3,1
Lesotho,LSO,2020,1,1,1,0
Liberia,LBR,1980,0,1,0,1
Liberia,LBR,1990,0,2,1,0
Liberia,LBR,2000,2,2,0,0
Liberia,LBR,2010,0,2,0,0
Libya,LBY,1960,0,0,1,0
Libya,LBY,1990,0,1,0,0
Libya,LBY,2010,0,2,0,0
Libya,LBY,2020,0,0,1,0
Lithuania,LTU,1990,1,2,1,0
Lithuania,LTU,2000,0,2,1,1
Lithuania,LTU,2010,3,2,0,1
Lithuania,LTU,2020,0,0,1,0
Low-income countries,,1900,0,0,0,2
Low-income countries,,1910,0,0,1,5
Low-income countries,,1940,0,0,0,6
Low-income countries,,1950,0,0,4,0
Low-income countries,,1960,2,9,12,5
Low-income countries,,1970,2,16,26,5
Low-income countries,,1980,5,33,38,8
Low-income countries,,1990,13,92,65,6
Low-income countries,,2000,66,233,104,13
Low-income countries,,2010,20,234,116,4
Low-income countries,,2020,13,107,80,0
Lower-middle-income countries,,1900,0,1,11,2
Lower-middle-income countries,,1910,0,2,5,5
Lower-middle-income countries,,1920,0,5,13,4
Lower-middle-income countries,,1930,1,3,22,4
Lower-middle-income countries,,1940,0,6,21,4
Lower-middle-income countries,,1950,0,23,71,3
Lower-middle-income countries,,1960,7,61,110,7
Lower-middle-income countries,,1970,19,116,138,14
Lower-middle-income countries,,1980,38,183,233,27
Lower-middle-income countries,,1990,58,337,331,21
Lower-middle-income countries,,2000,165,606,360,38
Lower-middle-income countries,,2010,75,625,360,22
Lower-middle-income countries,,2020,60,282,123,10
Luxembourg,LUX,1980,0,0,0,1
Luxembourg,LUX,1990,2,6,0,0
Luxembourg,LUX,2000,0,0,1,0
Luxembourg,LUX,2010,0,2,0,0
Luxembourg,LUX,2020,0,1,0,1
Macao,MAC,1990,2,2,0,0
Macao,MAC,2010,0,0,1,1
Madagascar,MDG,1960,0,1,1,0
Madagascar,MDG,1970,0,1,5,0
Madagascar,MDG,1980,0,3,6,0
Madagascar,MDG,1990,0,4,3,1
Madagascar,MDG,2000,7,12,11,0
Madagascar,MDG,2010,2,10,8,0
Madagascar,MDG,2020,3,6,6,0
Malawi,MWI,1960,1,1,0,0
Malawi,MWI,1970,0,1,0,0
Malawi,MWI,1980,0,3,1,0
Malawi,MWI,1990,2,2,4,0
Malawi,MWI,2000,1,13,7,0
Malawi,MWI,2010,3,13,4,0
Malawi,MWI,2020,0,4,4,0
Malaysia,MYS,1960,0,1,2,0
Malaysia,MYS,1970,0,1,1,0
Malaysia,MYS,1980,0,4,0,0
Malaysia,MYS,1990,2,7,4,0
Malaysia,MYS,2000,7,19,3,1
Malaysia,MYS,2010,4,15,2,0
Malaysia,MYS,2020,7,14,1,1
Maldives,MDV,1980,0,1,0,0
Maldives,MDV,1990,0,1,0,0
Maldives,MDV,2000,0,1,1,0
Maldives,MDV,2010,0,1,0,0
Maldives,MDV,2020,1,0,0,0
Mali,MLI,1910,0,0,0,1
Mali,MLI,1940,0,0,0,1
Mali,MLI,1960,0,0,0,1
Mali,MLI,1970,0,0,0,1
Mali,MLI,1980,0,2,1,0
Mali,MLI,1990,0,3,1,0
Mali,MLI,2000,2,10,1,1
Mali,MLI,2010,0,10,2,0
Mali,MLI,2020,0,1,2,0
Malta,MLT,2020,0,0,1,0
Marshall Islands,MHL,1990,0,1,0,0
Marshall Islands,MHL,2000,1,0,0,0
Marshall Islands,MHL,2010,1,2,0,1
Marshall Islands,MHL,2020,0,3,0,0
Martinique,MTQ,1900,0,0,1,0
Martinique,MTQ,1960,0,1,1,1
Martinique,MTQ,1970,0,2,0,0
Martinique,MTQ,1980,0,1,0,1
Martinique,MTQ,1990,2,3,0,0
Martinique,MTQ,2000,1,0,1,0
Martinique,MTQ,2010,1,1,0,0
Mauritania,MRT,1910,0,0,0,1
Mauritania,MRT,1940,0,0,0,1
Mauritania,MRT,1960,0,1,1,0
Mauritania,MRT,1970,0,1,1,0
Mauritania,MRT,1980,0,2,1,0
Mauritania,MRT,1990,4,2,1,0
Mauritania,MRT,2000,1,8,1,0
Mauritania,MRT,2010,0,4,4,0
Mauritania,MRT,2020,0,4,1,0
Mauritius,MUS,1960,0,2,0,0
Mauritius,MUS,1970,0,1,2,1
Mauritius,MUS,1980,2,2,0,0
Mauritius,MUS,1990,2,3,0,0
Mauritius,MUS,2000,1,1,0,0
Mauritius,MUS,2010,0,2,0,0
Mauritius,MUS,2020,1,2,0,0
Mexico,MEX,1910,0,1,0,0
Mexico,MEX,1920,0,0,2,0
Mexico,MEX,1930,0,2,1,0
Mexico,MEX,1940,0,1,1,0
Mexico,MEX,1950,0,2,8,0
Mexico,MEX,1960,0,9,4,0
Mexico,MEX,1970,0,11,5,1
Mexico,MEX,1980,5,12,12,1
Mexico,MEX,1990,8,38,18,1
Mexico,MEX,2000,9,38,15,3
Mexico,MEX,2010,12,27,24,2
Mexico,MEX,2020,5,21,2,0
Micronesia (country),FSM,1980,0,1,0,0
Micronesia (country),FSM,1990,0,1,0,0
Micronesia (country),FSM,2000,2,2,0,1
Micronesia (country),FSM,2010,0,3,0,0
Micronesia (country),FSM,2020,0,1,0,0
Moldova,MDA,1990,0,3,1,0
Moldova,MDA,2000,2,3,2,0
Moldova,MDA,2010,0,4,0,0
Moldova,MDA,2020,1,0,0,0
Mongolia,MNG,1950,0,0,1,0
Mongolia,MNG,1960,0,0,1,0
Mongolia,MNG,1980,0,0,0,2
Mongolia,MNG,1990,1,5,1,0
Mongolia,MNG,2000,0,2,7,1
Mongolia,MNG,2010,1,4,3,1
Mongolia,MNG,2020,2,8,2,0
Montenegro,MNE,2000,2,0,0,0
Montenegro,MNE,2010,2,2,0,0
Montenegro,MNE,2020,0,0,1,0
Montserrat,MSR,1920,0,0,0,1
Montserrat,MSR,1980,0,0,1,0
Montserrat,MSR,1990,0,4,0,1
Montserrat,MSR,2000,1,0,0,0
Morocco,MAR,1900,0,0,1,0
Morocco,MAR,1950,0,1,1,0
Morocco,MAR,1960,0,2,5,1
Morocco,MAR,1970,0,4,1,0
Morocco,MAR,1980,0,2,0,2
Morocco,MAR,1990,0,4,3,0
Morocco,MAR,2000,4,9,2,0
Morocco,MAR,2010,0,8,4,1
Morocco,MAR,2020,1,1,1,0
Mozambique,MOZ,1950,0,0,1,0
Mozambique,MOZ,1960,0,0,1,0
Mozambique,MOZ,1970,1,2,4,1
Mozambique,MOZ,1980,1,0,6,1
Mozambique,MOZ,1990,1,1,5,1
Mozambique,MOZ,2000,4,16,11,1
Mozambique,MOZ,2010,1,15,8,0
Mozambique,MOZ,2020,0,6,7,0
Myanmar,MMR,1900,0,0,1,0
Myanmar,MMR,1920,0,1,1,0
Myanmar,MMR,1930,0,1,3,0
Myanmar,MMR,1940,0,1,0,0
Myanmar,MMR,1960,1,1,4,0
Myanmar,MMR,1970,0,4,4,0
Myanmar,MMR,1980,0,2,0,0
Myanmar,MMR,1990,1,3,3,1
Myanmar,MMR,2000,0,8,4,1
Myanmar,MMR,2010,2,22,8,0
Myanmar,MMR,2020,0,6,2,0
Namibia,NAM,1980,0,0,0,1
Namibia,NAM,1990,0,1,2,0
Namibia,NAM,2000,1,7,2,1
Namibia,NAM,2010,1,3,4,0
Namibia,NAM,2020,2,1,0,0
Nepal,NPL,1950,0,0,1,0
Nepal,NPL,1960,0,0,3,2
Nepal,NPL,1970,0,1,7,0
Nepal,NPL,1980,1,5,10,0
Nepal,NPL,1990,1,7,10,0
Nepal,NPL,2000,0,7,14,1
Nepal,NPL,2010,0,19,15,0
Nepal,NPL,2020,0,8,5,0
Netherlands,NLD,1950,0,0,1,0
Netherlands,NLD,1970,0,0,0,2
Netherlands,NLD,1980,0,0,0,3
Netherlands,NLD,1990,4,5,5,0
Netherlands,NLD,2000,1,1,4,2
Netherlands,NLD,2010,3,2,2,2
Netherlands,NLD,2020,2,0,3,1
Netherlands Antilles,ANT,1950,0,0,0,1
Netherlands Antilles,ANT,1960,0,0,0,1
Netherlands Antilles,ANT,1980,0,1,0,0
Netherlands Antilles,ANT,1990,0,0,1,0
New Caledonia,NCL,1930,1,0,0,0
New Caledonia,NCL,1940,1,0,0,0
New Caledonia,NCL,1950,3,0,0,0
New Caledonia,NCL,1960,0,1,0,1
New Caledonia,NCL,1970,1,0,0,2
New Caledonia,NCL,1980,1,1,0,1
New Caledonia,NCL,1990,0,0,0,1
New Caledonia,NCL,2000,0,1,0,0
New Caledonia,NCL,2020,0,0,0,1
New Zealand,NZL,1920,0,1,0,0
New Zealand,NZL,1930,0,1,1,0
New Zealand,NZL,1950,0,0,1,0
New Zealand,NZL,1960,0,1,1,0
New Zealand,NZL,1970,5,1,0,1
New Zealand,NZL,1980,13,4,1,0
New Zealand,NZL,1990,6,4,0,1
New Zealand,NZL,2000,5,4,1,1
New Zealand,NZL,2010,1,9,5,0
New Zealand,NZL,2020,3,6,2,0
Nicaragua,NIC,1930,0,0,2,0
Nicaragua,NIC,1950,0,0,1,0
Nicaragua,NIC,1960,0,2,1,0
Nicaragua,NIC,1970,0,4,1,0
Nicaragua,NIC,1980,0,1,2,0
Nicaragua,NIC,1990,2,10,4,2
Nicaragua,NIC,2000,4,15,2,1
Nicaragua,NIC,2010,1,11,3,1
Nicaragua,NIC,2020,0,3,1,0
Niger,NER,1900,0,0,0,2
Niger,NER,1910,0,0,1,0
Niger,NER,1940,0,0,0,1
Niger,NER,1960,0,0,0,1
Niger,NER,1970,0,1,0,0
Niger,NER,1980,0,1,2,0
Niger,NER,1990,0,4,2,0
Niger,NER,2000,1,7,3,0
Niger,NER,2010,0,9,10,0
Niger,NER,2020,0,1,6,0
Nigeria,NGA,1970,0,0,1,0
Nigeria,NGA,1980,1,1,2,0
Nigeria,NGA,1990,0,5,3,0
Nigeria,NGA,2000,10,13,7,0
Nigeria,NGA,2010,0,13,6,0
Nigeria,NGA,2020,4,3,4,0
Niue,NIU,1950,0,1,0,0
Niue,NIU,1960,0,1,0,1
Niue,NIU,1990,1,0,0,0
Niue,NIU,2000,0,1,0,0
North America,,1900,0,3,20,0
North America,,1910,0,5,14,1
North America,,1920,1,4,11,4
North America,,1930,0,11,24,1
North America,,1940,0,13,17,2
North America,,1950,2,25,40,5
North America,,1960,4,41,56,10
North America,,1970,6,70,41,10
North America,,1980,39,127,76,54
North America,,1990,96,210,130,94
North America,,2000,149,280,157,43
North America,,2010,70,262,206,26
North America,,2020,37,92,119,7
North Korea,PRK,1980,0,0,2,0
North Korea,PRK,1990,1,3,4,0
North Korea,PRK,2000,1,5,6,0
North Korea,PRK,2010,0,9,10,1
North Korea,PRK,2020,0,2,0,0
North Macedonia,MKD,1990,0,1,1,0
North Macedonia,MKD,2000,4,7,1,0
North Macedonia,MKD,2010,1,7,0,0
North Macedonia,MKD,2020,0,1,0,0
Northern Mariana Islands,MNP,2000,2,0,0,1
Northern Mariana Islands,MNP,2010,2,0,0,0
Norway,NOR,1930,0,0,1,0
Norway,NOR,1990,1,2,1,1
Norway,NOR,2000,3,1,0,0
Norway,NOR,2010,2,0,0,0
Norway,NOR,2020,0,2,0,1
Oceania,,1910,0,0,0,1
Oceania,,1920,0,1,0,1
Oceania,,1930,1,1,5,0
Oceania,,1940,1,3,0,4
Oceania,,1950,3,3,6,3
Oceania,,1960,3,11,6,6
Oceania,,1970,11,18,11,14
Oceania,,1980,22,54,10,5
Oceania,,1990,24,57,29,14
Oceania,,2000,62,65,16,13
Oceania,,2010,21,71,29,14
Oceania,,2020,9,38,17,1
Oman,OMN,1970,0,1,1,0
Oman,OMN,1980,0,1,0,0
Oman,OMN,2000,0,2,1,0
Oman,OMN,2010,2,4,1,1
Oman,OMN,2020,1,3,0,0
Pakistan,PAK,1900,0,0,1,0
Pakistan,PAK,1920,0,0,0,1
Pakistan,PAK,1930,0,0,1,1
Pakistan,PAK,1940,0,1,1,0
Pakistan,PAK,1950,0,3,6,0
Pakistan,PAK,1960,0,1,3,0
Pakistan,PAK,1970,0,2,7,0
Pakistan,PAK,1980,2,8,8,1
Pakistan,PAK,1990,2,22,17,0
Pakistan,PAK,2000,4,28,23,5
Pakistan,PAK,2010,2,38,19,0
Pakistan,PAK,2020,3,23,6,1
Palau,PLW,2010,1,1,0,1
Palau,PLW,2020,0,1,0,0
Palestine,PSE,2000,0,0,0,1
Palestine,PSE,2010,3,3,0,0
Palestine,PSE,2020,0,2,0,0
Panama,PAN,1960,1,1,0,0
Panama,PAN,1970,1,4,0,0
Panama,PAN,1980,1,3,0,0
Panama,PAN,1990,2,6,0,0
Panama,PAN,2000,7,11,0,0
Panama,PAN,2010,2,12,0,1
Panama,PAN,2020,2,3,1,0
Papua New Guinea,PNG,1930,0,0,1,0
Papua New Guinea,PNG,1950,0,1,2,0
Papua New Guinea,PNG,1960,0,1,0,0
Papua New Guinea,PNG,1970,0,2,1,1
Papua New Guinea,PNG,1980,2,6,1,0
Papua New Guinea,PNG,1990,1,8,5,2
Papua New Guinea,PNG,2000,7,15,1,1
Papua New Guinea,PNG,2010,4,10,4,1
Papua New Guinea,PNG,2020,0,9,0,0
Paraguay,PRY,1960,0,3,0,0
Paraguay,PRY,1970,0,1,1,0
Paraguay,PRY,1980,0,2,1,1
Paraguay,PRY,1990,0,6,2,0
Paraguay,PRY,2000,1,8,1,1
Paraguay,PRY,2010,0,15,4,1
Paraguay,PRY,2020,0,4,0,0
Peru,PER,1910,0,1,1,0
Peru,PER,1930,0,1,0,0
Peru,PER,1940,0,1,5,0
Peru,PER,1950,0,2,2,0
Peru,PER,1960,0,4,7,0
Peru,PER,1970,1,7,7,0
Peru,PER,1980,2,13,13,3
Peru,PER,1990,1,18,10,0
Peru,PER,2000,3,21,10,2
Peru,PER,2010,4,25,10,1
Peru,PER,2020,14,12,2,0
Philippines,PHL,1900,0,0,1,0
Philippines,PHL,1910,0,1,2,0
Philippines,PHL,1920,0,1,0,0
Philippines,PHL,1930,1,0,5,2
Philippines,PHL,1940,0,0,4,0
Philippines,PHL,1950,0,3,12,0
Philippines,PHL,1960,0,10,13,1
Philippines,PHL,1970,8,34,28,0
Philippines,PHL,1980,8,35,43,0
Philippines,PHL,1990,7,57,43,2
Philippines,PHL,2000,12,78,50,1
Philippines,PHL,2010,17,77,65,2
Philippines,PHL,2020,6,27,18,1
Poland,POL,1920,0,0,1,0
Poland,POL,1970,1,0,0,0
Poland,POL,1980,2,2,1,1
Poland,POL,1990,1,4,4,0
Poland,POL,2000,3,7,7,2
Poland,POL,2010,6,5,7,1
Poland,POL,2020,6,1,1,1
Portugal,PRT,1900,0,1,0,0
Portugal,PRT,1940,0,1,1,0
Portugal,PRT,1960,2,1,1,0
Portugal,PRT,1970,0,3,0,0
Portugal,PRT,1980,0,5,1,2
Portugal,PRT,1990,0,7,0,1
Portugal,PRT,2000,6,2,5,2
Portugal,PRT,2010,5,4,4,3
Portugal,PRT,2020,2,0,1,1
Puerto Rico,PRI,1910,0,0,1,0
Puerto Rico,PRI,1920,0,0,1,0
Puerto Rico,PRI,1930,0,0,1,0
Puerto Rico,PRI,1960,0,0,0,1
Puerto Rico,PRI,1970,0,2,1,0
Puerto Rico,PRI,1980,0,2,2,1
Puerto Rico,PRI,1990,1,2,4,0
Puerto Rico,PRI,2000,2,3,0,2
Puerto Rico,PRI,2010,3,0,2,3
Puerto Rico,PRI,2020,0,3,2,0
Qatar,QAT,2010,1,0,0,0
Reunion,REU,1940,0,0,1,0
Reunion,REU,1970,1,0,0,0
Reunion,REU,1980,0,4,0,1
Reunion,REU,1990,0,1,0,0
Reunion,REU,2000,2,1,0,0
Reunion,REU,2010,1,1,0,0
Reunion,REU,2020,2,1,0,0
Romania,ROU,1900,0,0,0,1
Romania,ROU,1910,0,0,0,1
Romania,ROU,1920,0,1,1,1
Romania,ROU,1930,0,0,0,1
Romania,ROU,1940,0,0,1,2
Romania,ROU,1970,0,0,3,0
Romania,ROU,1980,0,1,0,1
Romania,ROU,1990,3,12,2,1
Romania,ROU,2000,13,29,4,2
Romania,ROU,2010,9,3,3,0
Romania,ROU,2020,2,1,1,1
Russia,RUS,1990,2,30,13,2
Russia,RUS,2000,15,28,13,15
Russia,RUS,2010,5,22,9,0
Russia,RUS,2020,3,9,0,0
Rwanda,RWA,1970,0,0,2,0
Rwanda,RWA,1980,0,1,2,0
Rwanda,RWA,1990,0,1,1,0
Rwanda,RWA,2000,0,9,2,0
Rwanda,RWA,2010,1,12,2,0
Rwanda,RWA,2020,1,8,2,0
Saint Barthelemy,BLM,2010,1,0,0,0
Saint Helena,SHN,2000,1,0,0,0
Saint Kitts and Nevis,KNA,1920,0,0,0,1
Saint Kitts and Nevis,KNA,1950,0,0,0,1
Saint Kitts and Nevis,KNA,1980,1,1,0,1
Saint Kitts and Nevis,KNA,1990,0,1,2,1
Saint Kitts and Nevis,KNA,2000,0,0,0,1
Saint Kitts and Nevis,KNA,2010,0,1,0,0
Saint Lucia,LCA,1960,0,2,0,1
Saint Lucia,LCA,1980,1,2,0,2
Saint Lucia,LCA,1990,3,0,0,0
Saint Lucia,LCA,2000,1,1,0,1
Saint Lucia,LCA,2010,0,3,1,1
Saint Lucia,LCA,2020,0,2,0,0
Saint Martin (French part),MAF,2010,0,0,1,0
Saint Vincent and the Grenadines,VCT,1900,0,0,1,0
Saint Vincent and the Grenadines,VCT,1950,0,0,1,0
Saint Vincent and the Grenadines,VCT,1960,0,1,0,0
Saint Vincent and the Grenadines,VCT,1970,0,2,0,1
Saint Vincent and the Grenadines,VCT,1980,1,3,0,0
Saint Vincent and the Grenadines,VCT,1990,2,0,0,0
Saint Vincent and the Grenadines,VCT,2000,2,1,0,0
Saint Vincent and the Grenadines,VCT,2010,2,3,0,1
Saint Vincent and the Grenadines,VCT,2020,2,0,1,0
Samoa,WSM,1960,1,1,1,0
Samoa,WSM,1980,0,3,0,0
Samoa,WSM,1990,0,0,2,0
Samoa,WSM,2000,2,1,1,0
Samoa,WSM,2010,0,1,0,2
Sao Tome and Principe,STP,1980,0,1,0,0
Sao Tome and Principe,STP,2020,0,0,1,0
Saudi Arabia,SAU,1960,0,1,0,0
Saudi Arabia,SAU,1980,0,0,1,1
Saudi Arabia,SAU,2000,1,5,1,0
Saudi Arabia,SAU,2010,3,11,1,0
Saudi Arabia,SAU,2020,1,0,0,0
Senegal,SEN,1910,0,0,0,1
Senegal,SEN,1940,0,0,0,1
Senegal,SEN,1960,0,1,1,1
Senegal,SEN,1970,1,0,2,0
Senegal,SEN,1980,0,3,1,0
Senegal,SEN,1990,0,3,2,0
Senegal,SEN,2000,1,4,3,1
Senegal,SEN,2010,0,6,4,0
Senegal,SEN,2020,0,2,0,0
Serbia,SRB,2000,1,2,0,1
Serbia,SRB,2010,6,14,1,0
Serbia,SRB,2020,4,2,1,0
Serbia and Montenegro,OWID_SRM,1990,1,2,0,0
Serbia and Montenegro,OWID_SRM,2000,5,6,0,0
Seychelles,SYC,1990,1,0,0,0
Seychelles,SYC,2000,0,2,0,0
Seychelles,SYC,2010,0,2,0,0
Sierra Leone,SLE,1970,0,1,0,0
Sierra Leone,SLE,1980,0,0,1,0
Sierra Leone,SLE,1990,0,1,1,0
Sierra Leone,SLE,2000,0,3,1,0
Sierra Leone,SLE,2010,1,6,1,0
Sierra Leone,SLE,2020,0,2,0,0
Sint Maarten (Dutch part),SXM,2010,0,0,1,0
Slovakia,SVK,1990,0,2,1,0
Slovakia,SVK,2000,7,2,1,1
Slovakia,SVK,2010,4,1,1,1
Slovakia,SVK,2020,2,0,1,1
Slovenia,SVN,1990,1,0,0,0
Slovenia,SVN,2000,1,2,2,0
Slovenia,SVN,2010,0,2,1,0
Slovenia,SVN,2020,2,1,2,0
Solomon Islands,SLB,1930,0,0,1,0
Solomon Islands,SLB,1950,0,0,1,0
Solomon Islands,SLB,1960,2,1,0,0
Solomon Islands,SLB,1970,0,3,1,0
Solomon Islands,SLB,1980,2,1,1,0
Solomon Islands,SLB,1990,1,1,0,2
Solomon Islands,SLB,2000,3,1,1,0
Solomon Islands,SLB,2010,3,8,0,2
Solomon Islands,SLB,2020,0,1,1,0
Somalia,SOM,1960,0,0,2,1
Somalia,SOM,1970,0,1,1,0
Somalia,SOM,1980,0,5,1,2
Somalia,SOM,1990,1,3,2,0
Somalia,SOM,2000,4,10,8,2
Somalia,SOM,2010,0,12,10,1
Somalia,SOM,2020,0,3,7,0
South Africa,ZAF,1950,0,1,1,0
South Africa,ZAF,1960,0,3,0,0
South Africa,ZAF,1970,1,2,0,0
South Africa,ZAF,1980,0,3,5,2
South Africa,ZAF,1990,2,17,4,0
South Africa,ZAF,2000,9,22,3,0
South Africa,ZAF,2010,3,13,8,0
South Africa,ZAF,2020,9,12,2,0
South America,,1900,0,0,2,0
South America,,1910,0,1,1,0
South America,,1920,0,1,5,0
South America,,1930,0,2,2,1
South America,,1940,1,2,14,0
South America,,1950,0,7,14,0
South America,,1960,1,32,29,1
South America,,1970,3,46,38,5
South America,,1980,10,73,67,8
South America,,1990,18,118,52,7
South America,,2000,37,180,52,17
South America,,2010,30,191,54,6
South America,,2020,48,120,32,2
South Korea,KOR,1930,0,0,1,0
South Korea,KOR,1950,0,0,5,0
South Korea,KOR,1960,0,1,9,0
South Korea,KOR,1970,0,6,6,0
South Korea,KOR,1980,0,5,9,1
South Korea,KOR,1990,4,10,8,0
South Korea,KOR,2000,4,18,7,1
South Korea,KOR,2010,2,11,5,1
South Korea,KOR,2020,4,5,4,0
South Sudan,SSD,2000,0,3,1,0
South Sudan,SSD,2010,0,2,8,1
South Sudan,SSD,2020,0,0,4,0
Spain,ESP,1940,0,1,0,0
Spain,ESP,1950,0,2,2,0
Spain,ESP,1960,0,0,1,0
Spain,ESP,1970,0,4,3,0
Spain,ESP,1980,2,6,8,1
Spain,ESP,1990,4,9,6,1
Spain,ESP,2000,5,15,6,2
Spain,ESP,2010,14,7,3,2
Spain,ESP,2020,4,3,6,1
Sri Lanka,LKA,1950,0,0,1,0
Sri Lanka,LKA,1960,0,1,3,0
Sri Lanka,LKA,1970,1,3,2,1
Sri Lanka,LKA,1980,1,6,7,2
Sri Lanka,LKA,1990,0,6,11,0
Sri Lanka,LKA,2000,1,8,12,0
Sri Lanka,LKA,2010,0,16,19,0
Sri Lanka,LKA,2020,3,13,3,0
Sudan,SDN,1970,0,2,0,0
Sudan,SDN,1980,0,2,3,1
Sudan,SDN,1990,2,9,6,0
Sudan,SDN,2000,0,7,5,0
Sudan,SDN,2010,0,11,6,0
Sudan,SDN,2020,0,1,4,0
Suriname,SUR,1960,0,1,0,0
Suriname,SUR,2000,0,2,0,0
Suriname,SUR,2020,0,2,0,0
Sweden,SWE,1970,0,1,1,1
Sweden,SWE,1980,0,1,0,0
Sweden,SWE,1990,2,1,0,0
Sweden,SWE,2000,1,0,1,1
Sweden,SWE,2010,0,2,0,0
Sweden,SWE,2020,1,2,0,0
Switzerland,CHE,1950,0,0,1,0
Switzerland,CHE,1960,0,1,1,0
Switzerland,CHE,1970,0,2,0,2
Switzerland,CHE,1980,4,3,1,3
Switzerland,CHE,1990,3,5,4,1
Switzerland,CHE,2000,4,3,5,3
Switzerland,CHE,2010,4,4,0,3
Switzerland,CHE,2020,3,3,1,1
Syria,SYR,1960,0,1,0,0
Syria,SYR,1970,0,0,1,0
Syria,SYR,1990,0,0,1,0
Syria,SYR,2000,1,2,2,0
Syria,SYR,2010,1,1,1,0
Syria,SYR,2020,2,4,3,0
Taiwan,TWN,1900,1,2,2,0
Taiwan,TWN,1910,1,0,4,0
Taiwan,TWN,1920,1,0,1,0
Taiwan,TWN,1930,2,1,2,0
Taiwan,TWN,1940,0,0,2,0
Taiwan,TWN,1950,0,3,4,0
Taiwan,TWN,1960,0,4,7,0
Taiwan,TWN,1970,0,2,1,0
Taiwan,TWN,1980,0,6,3,0
Taiwan,TWN,1990,2,10,5,1
Taiwan,TWN,2000,9,19,5,0
Taiwan,TWN,2010,5,16,5,0
Taiwan,TWN,2020,5,2,1,1
Tajikistan,TJK,1990,2,6,4,0
Tajikistan,TJK,2000,8,17,4,0
Tajikistan,TJK,2010,3,16,1,1
Tajikistan,TJK,2020,1,5,0,0
Tanzania,TZA,1960,1,3,0,0
Tanzania,TZA,1970,0,4,0,0
Tanzania,TZA,1980,0,5,1,0
Tanzania,TZA,1990,1,8,5,1
Tanzania,TZA,2000,7,12,4,0
Tanzania,TZA,2010,0,17,3,0
Tanzania,TZA,2020,0,10,3,0
Thailand,THA,1960,0,0,2,0
Thailand,THA,1970,0,0,4,0
Thailand,THA,1980,0,5,6,0
Thailand,THA,1990,3,18,14,2
Thailand,THA,2000,7,23,16,3
Thailand,THA,2010,3,11,18,3
Thailand,THA,2020,7,13,8,0
Togo,TGO,1960,1,0,0,0
Togo,TGO,1970,0,0,1,0
Togo,TGO,1980,0,0,1,1
Togo,TGO,1990,0,5,0,0
Togo,TGO,2000,0,3,0,1
Togo,TGO,2010,0,3,0,0
Togo,TGO,2020,0,2,0,0
Tokelau,TKL,1910,0,0,0,1
Tokelau,TKL,1920,0,0,0,1
Tokelau,TKL,1960,0,0,0,1
Tokelau,TKL,1980,0,1,0,0
Tokelau,TKL,1990,1,0,0,0
Tokelau,TKL,2000,1,0,0,0
Tonga,TON,1940,0,1,0,0
Tonga,TON,1960,0,1,0,0
Tonga,TON,1970,1,2,0,0
Tonga,TON,1980,1,1,0,0
Tonga,TON,1990,1,3,0,0
Tonga,TON,2000,0,2,0,1
Tonga,TON,2010,2,2,0,3
Tonga,TON,2020,0,2,0,0
Trinidad and Tobago,TTO,1930,0,1,0,0
Trinidad and Tobago,TTO,1960,0,1,0,0
Trinidad and Tobago,TTO,1970,0,1,0,0
Trinidad and Tobago,TTO,1990,4,1,0,0
Trinidad and Tobago,TTO,2000,2,0,0,1
Trinidad and Tobago,TTO,2010,0,0,1,1
Trinidad and Tobago,TTO,2020,0,1,0,0
Tunisia,TUN,1950,0,1,0,0
Tunisia,TUN,1960,0,3,1,0
Tunisia,TUN,1970,1,1,2,0
Tunisia,TUN,1980,0,1,1,1
Tunisia,TUN,1990,0,0,1,0
Tunisia,TUN,2000,2,3,0,0
Tunisia,TUN,2010,0,3,0,0
Tunisia,TUN,2020,2,2,0,0
Turkey,TUR,1900,0,0,4,0
Turkey,TUR,1910,0,0,2,0
Turkey,TUR,1920,0,1,4,0
Turkey,TUR,1930,0,2,5,0
Turkey,TUR,1940,0,8,13,0
Turkey,TUR,1950,0,3,7,0
Turkey,TUR,1960,0,7,5,0
Turkey,TUR,1970,3,7,5,0
Turkey,TUR,1980,3,6,5,0
Turkey,TUR,1990,7,8,12,0
Turkey,TUR,2000,18,27,4,1
Turkey,TUR,2010,3,12,3,0
Turkey,TUR,2020,7,14,4,1
Turkmenistan,TKM,1990,0,1,0,0
Turkmenistan,TKM,2000,0,1,0,0
Turks and Caicos Islands,TCA,1980,1,0,0,0
Turks and Caicos Islands,TCA,1990,0,0,0,1
Turks and Caicos Islands,TCA,2000,3,0,1,0
Turks and Caicos Islands,TCA,2010,0,0,1,0
Tuvalu,TUV,1970,0,1,0,0
Tuvalu,TUV,1980,0,0,0,2
Tuvalu,TUV,1990,2,0,0,0
Tuvalu,TUV,2010,0,1,0,1
Tuvalu,TUV,2020,0,2,0,0
USSR,OWID_USS,1900,0,0,2,0
USSR,OWID_USS,1910,0,0,1,0
USSR,OWID_USS,1920,0,1,1,0
USSR,OWID_USS,1930,0,0,1,0
USSR,OWID_USS,1940,0,0,4,0
USSR,OWID_USS,1950,0,0,0,2
USSR,OWID_USS,1960,0,0,2,0
USSR,OWID_USS,1970,0,1,1,0
USSR,OWID_USS,1980,2,11,8,8
USSR,OWID_USS,1990,4,9,3,1
Uganda,UGA,1960,0,1,1,0
Uganda,UGA,1970,0,0,1,0
Uganda,UGA,1980,0,1,1,0
Uganda,UGA,1990,0,4,2,2
Uganda,UGA,2000,6,10,4,0
Uganda,UGA,2010,1,14,5,0
Uganda,UGA,2020,2,12,1,0
Ukraine,UKR,1990,1,4,3,0
Ukraine,UKR,2000,2,9,3,1
Ukraine,UKR,2010,2,4,3,0
Ukraine,UKR,2020,0,6,0,0
United Arab Emirates,ARE,2010,1,0,0,0
United Arab Emirates,ARE,2020,1,0,0,0
United Kingdom,GBR,1950,0,1,1,0
United Kingdom,GBR,1960,0,1,1,0
United Kingdom,GBR,1970,0,1,0,2
United Kingdom,GBR,1980,1,3,1,1
United Kingdom,GBR,1990,1,12,10,3
United Kingdom,GBR,2000,11,6,10,3
United Kingdom,GBR,2010,8,3,9,2
United Kingdom,GBR,2020,5,0,3,2
United States,USA,1900,0,1,9,0
United States,USA,1910,0,3,4,0
United States,USA,1920,0,2,6,0
United States,USA,1930,0,2,9,1
United States,USA,1940,0,7,13,0
United States,USA,1950,1,17,22,0
United States,USA,1960,0,7,33,0
United States,USA,1970,2,16,23,0
United States,USA,1980,11,45,37,32
United States,USA,1990,37,71,70,76
United States,USA,2000,46,88,92,12
United States,USA,2010,15,83,132,3
United States,USA,2020,8,18,92,2
United States Virgin Islands,VIR,1980,0,1,0,0
United States Virgin Islands,VIR,1990,0,3,1,0
United States Virgin Islands,VIR,2000,0,0,0,1
United States Virgin Islands,VIR,2010,2,0,0,0
Upper-middle-income countries,,1900,0,1,19,1
Upper-middle-income countries,,1910,0,3,21,0
Upper-middle-income countries,,1920,1,4,26,0
Upper-middle-income countries,,1930,2,19,33,1
Upper-middle-income countries,,1940,0,22,42,1
Upper-middle-income countries,,1950,1,20,49,3
Upper-middle-income countries,,1960,2,73,72,4
Upper-middle-income countries,,1970,16,106,84,13
Upper-middle-income countries,,1980,42,234,197,49
Upper-middle-income countries,,1990,95,406,265,21
Upper-middle-income countries,,2000,206,645,313,65
Upper-middle-income countries,,2010,122,661,315,34
Upper-middle-income countries,,2020,119,350,97,12
Uruguay,URY,1960,0,0,1,0
Uruguay,URY,1980,0,1,0,0
Uruguay,URY,1990,3,3,1,0
Uruguay,URY,2000,3,9,0,1
Uruguay,URY,2010,2,7,1,0
Uruguay,URY,2020,3,2,2,1
Uzbekistan,UZB,1990,1,2,0,0
Uzbekistan,UZB,2000,1,0,1,0
Uzbekistan,UZB,2010,0,1,0,0
Uzbekistan,UZB,2020,1,2,0,0
Vanuatu,VUT,1940,0,0,0,1
Vanuatu,VUT,1950,0,0,1,1
Vanuatu,VUT,1970,1,0,0,5
Vanuatu,VUT,1980,1,4,1,1
Vanuatu,VUT,1990,4,4,0,3
Vanuatu,VUT,2000,6,5,0,1
Vanuatu,VUT,2010,0,6,1,1
Vanuatu,VUT,2020,0,3,2,0
Venezuela,VEN,1950,0,0,1,0
Venezuela,VEN,1960,0,2,1,0
Venezuela,VEN,1980,3,6,2,0
Venezuela,VEN,1990,1,6,3,0
Venezuela,VEN,2000,4,8,1,1
Venezuela,VEN,2010,1,9,0,1
Venezuela,VEN,2020,2,8,2,0
Vietnam,VNM,1950,0,0,2,0
Vietnam,VNM,1960,0,0,3,0
Vietnam,VNM,1970,1,1,4,0
Vietnam,VNM,1980,0,3,18,1
Vietnam,VNM,1990,2,17,25,0
Vietnam,VNM,2000,8,40,28,1
Vietnam,VNM,2010,4,39,22,1
Vietnam,VNM,2020,8,20,4,1
Wallis and Futuna,WLF,1960,0,0,0,2
Wallis and Futuna,WLF,1980,0,1,0,0
Wallis and Futuna,WLF,1990,1,0,0,0
Wallis and Futuna,WLF,2010,1,0,0,0
West Germany,OWID_GFR,1920,0,2,2,0
West Germany,OWID_GFR,1950,0,1,0,0
West Germany,OWID_GFR,1960,0,1,1,0
West Germany,OWID_GFR,1970,0,1,5,0
West Germany,OWID_GFR,1980,1,1,1,3
West Germany,OWID_GFR,1990,0,1,0,0
World,OWID_WRL,1900,1,17,49,7
World,OWID_WRL,1910,1,11,46,13
World,OWID_WRL,1920,2,20,64,10
World,OWID_WRL,1930,6,36,81,7
World,OWID_WRL,1940,2,46,102,17
World,OWID_WRL,1950,8,94,194,12
World,OWID_WRL,1960,21,210,290,36
World,OWID_WRL,1970,73,343,327,65
World,OWID_WRL,1980,166,655,582,180
World,OWID_WRL,1990,335,1181,890,155
World,OWID_WRL,2000,749,1876,1033,198
World,OWID_WRL,2010,415,1867,1089,124
World,OWID_WRL,2020,330,850,482,54
Yemen,YEM,1990,0,6,2,0
Yemen,YEM,2000,1,15,3,0
Yemen,YEM,2010,0,12,1,0
Yemen,YEM,2020,0,6,5,0
Yemen Arab Republic,OWID_YAR,1940,0,0,1,0
Yemen Arab Republic,OWID_YAR,1960,0,0,1,0
Yemen Arab Republic,OWID_YAR,1970,0,0,2,1
Yemen Arab Republic,OWID_YAR,1980,0,0,2,0
Yemen People's Republic,OWID_YPR,1970,0,0,0,3
Yemen People's Republic,OWID_YPR,1980,0,2,2,0
Yugoslavia,OWID_YGS,1940,0,1,0,0
Yugoslavia,OWID_YGS,1960,0,1,5,0
Yugoslavia,OWID_YGS,1970,1,1,1,0
Yugoslavia,OWID_YGS,1980,1,5,2,1
Yugoslavia,OWID_YGS,1990,0,0,2,0
Zambia,ZMB,1970,0,1,0,0
Zambia,ZMB,1980,0,0,1,2
Zambia,ZMB,1990,0,0,3,0
Zambia,ZMB,2000,1,6,5,0
Zambia,ZMB,2010,3,3,1,0
Zambia,ZMB,2020,1,3,4,0
Zimbabwe,ZWE,1970,0,1,0,0
Zimbabwe,ZWE,1980,1,0,0,0
Zimbabwe,ZWE,1990,0,2,1,0
Zimbabwe,ZWE,2000,1,4,4,0
Zimbabwe,ZWE,2010,1,5,6,1
Zimbabwe,ZWE,2020,1,2,1,1